Token,TFIDF_Value
aaral,5.686750172980514
nlng,5.686750172980514
niyan,5.686750172980514
ninyo,5.686750172980514
ninakaw,5.686750172980514
nina,5.686750172980514
niloko,5.686750172980514
nilangae,5.686750172980514
nila.sila,5.686750172980514
nikki,5.686750172980514
ngsabi,5.686750172980514
ndf,5.686750172980514
naway,5.686750172980514
nawala,5.686750172980514
natulungan,5.686750172980514
natitira,5.686750172980514
national,5.686750172980514
nation's,5.686750172980514
nation,5.686750172980514
natin,5.686750172980514
naten,5.686750172980514
niyong,5.686750172980514
nman,5.686750172980514
natatae,5.686750172980514
nmn,5.686750172980514
open,5.686750172980514
op,5.686750172980514
ones,5.686750172980514
omg,5.686750172980514
olats,5.686750172980514
okay,5.686750172980514
ok,5.686750172980514
oh,5.686750172980514
ofws,5.686750172980514
objective,5.686750172980514
nyong,5.686750172980514
nyan,5.686750172980514
noynoy,5.686750172980514
nothing,5.686750172980514
nostalgia,5.686750172980514
northern,5.686750172980514
normal,5.686750172980514
non,5.686750172980514
noise,5.686750172980514
natatanggap,5.686750172980514
nasangkot,5.686750172980514
nagbigay,5.686750172980514
nakinabang,5.686750172980514
nakikipag,5.686750172980514
nakaw,5.686750172980514
nakatutok,5.686750172980514
nakapink,5.686750172980514
nakapaligid,5.686750172980514
nakalibing,5.686750172980514
nakalaban,5.686750172980514
nakakataas,5.686750172980514
nakakaintindi,5.686750172980514
nakakaburaot,5.686750172980514
nakakababa,5.686750172980514
nakaka,5.686750172980514
naka-move,5.686750172980514
nainidoro,5.686750172980514
nagsalita,5.686750172980514
nagpaplano,5.686750172980514
nagpapasuspend,5.686750172980514
nagpamemeeting,5.686750172980514
nagkakasugat,5.686750172980514
nakikita,5.686750172980514
nako,5.686750172980514
narrative,5.686750172980514
nakukuha,5.686750172980514
narcos,5.686750172980514
napapa,5.686750172980514
napakaganda,5.686750172980514
nanunupil,5.686750172980514
nanunuod,5.686750172980514
nangunguna,5.686750172980514
nangungulilat,5.686750172980514
nanggaling,5.686750172980514
naneto,5.686750172980514
nandito,5.686750172980514
nanay,5.686750172980514
nananakit,5.686750172980514
nananahimik,5.686750172980514
nanaman,5.686750172980514
namesake,5.686750172980514
namen,5.686750172980514
namamayapang,5.686750172980514
nalakaloka,5.686750172980514
nakulong,5.686750172980514
opinions,5.686750172980514
opportunity,5.686750172980514
oppression,5.686750172980514
pinag-wiwidraw,5.686750172980514
pinag-aralan,5.686750172980514
pikon,5.686750172980514
picking,5.686750172980514
phil,5.686750172980514
ph,5.686750172980514
pete,5.686750172980514
pest,5.686750172980514
perspektibo,5.686750172980514
perspective,5.686750172980514
personally,5.686750172980514
personalidad,5.686750172980514
period,5.686750172980514
perform,5.686750172980514
pekeng,5.686750172980514
pduts,5.686750172980514
patutsada,5.686750172980514
patunayan,5.686750172980514
patriarch,5.686750172980514
pati,5.686750172980514
pinag-iisipan,5.686750172980514
pinagkakaiba,5.686750172980514
outdated,5.686750172980514
pinagkakaisahan,5.686750172980514
plano,5.686750172980514
plain,5.686750172980514
place,5.686750172980514
pinustahan,5.686750172980514
pinuntirya,5.686750172980514
pinuntahang,5.686750172980514
pinks,5.686750172980514
pinklawans,5.686750172980514
pinatay,5.686750172980514
pinas..basta,5.686750172980514
pinas,5.686750172980514
pinapatunayan,5.686750172980514
pinapanuod,5.686750172980514
pinapakingan,5.686750172980514
pinaniniwalaan,5.686750172980514
pinakanakakaputangina,5.686750172980514
pinaiyak,5.686750172980514
pinagsasasabe,5.686750172980514
pinagsasabi,5.686750172980514
pathetic,5.686750172980514
party,5.686750172980514
participating,5.686750172980514
parte,5.686750172980514
palaban,5.686750172980514
palaaway,5.686750172980514
pakulo,5.686750172980514
pakidagdag,5.686750172980514
pakibasa,5.686750172980514
pake,5.686750172980514
pakabog,5.686750172980514
pagtingin,5.686750172980514
pagsinabi,5.686750172980514
pagnaniniwala,5.686750172980514
pagmamagaling,5.686750172980514
pagkatalo,5.686750172980514
pagkakataon,5.686750172980514
paghihirap,5.686750172980514
pagboto,5.686750172980514
pagbabayad,5.686750172980514
pag-endorso,5.686750172980514
padrino,5.686750172980514
paa,5.686750172980514
palalabasin,5.686750172980514
palitan,5.686750172980514
panalo,5.686750172980514
panlito,5.686750172980514
park,5.686750172980514
paring,5.686750172980514
parin,5.686750172980514
parents,5.686750172980514
papel,5.686750172980514
papayag,5.686750172980514
papaputoi,5.686750172980514
panunumbalik,5.686750172980514
paniwala,5.686750172980514
pananatili,5.686750172980514
paninira,5.686750172980514
pangyayari,5.686750172980514
pangit,5.686750172980514
pangalan,5.686750172980514
pangaapi,5.686750172980514
pandemic,5.686750172980514
pandaraya,5.686750172980514
panay,5.686750172980514
nagdeklarang,5.686750172980514
nagaglit,5.686750172980514
plotter,5.686750172980514
magkaroon,5.686750172980514
magdeactivate,5.686750172980514
magbilang,5.686750172980514
magandang,5.686750172980514
mag-isa,5.686750172980514
mag-encourage,5.686750172980514
madumi,5.686750172980514
madaya,5.686750172980514
madaming,5.686750172980514
madalas,5.686750172980514
machinery,5.686750172980514
mabubutata,5.686750172980514
mablock,5.686750172980514
mabibigyan,5.686750172980514
mababait,5.686750172980514
mababago,5.686750172980514
maam,5.686750172980514
ma'am,5.686750172980514
lumalabas,5.686750172980514
luh,5.686750172980514
magisip,5.686750172980514
maglabas,5.686750172980514
luciper,5.686750172980514
magpalit,5.686750172980514
makakalimot,5.686750172980514
makakakuha,5.686750172980514
makabalik,5.686750172980514
aarkilahin,5.686750172980514
maitatanggi,5.686750172980514
maingay,5.686750172980514
maiiwan,5.686750172980514
mai-post,5.686750172980514
mahina,5.686750172980514
mahal,5.686750172980514
magulang,5.686750172980514
magtagalog,5.686750172980514
magsalita,5.686750172980514
magsabi,5.686750172980514
magra,5.686750172980514
magpatakbo,5.686750172980514
magpapabitay,5.686750172980514
magpanibagong,5.686750172980514
magpaloko,5.686750172980514
lugar,5.686750172980514
loyalist,5.686750172980514
nag-iisip,5.686750172980514
least,5.686750172980514
leadership,5.686750172980514
lavet,5.686750172980514
laughing,5.686750172980514
latest,5.686750172980514
latak,5.686750172980514
laot,5.686750172980514
lang..hindi,5.686750172980514
lalo,5.686750172980514
laila,5.686750172980514
lagay,5.686750172980514
laborers,5.686750172980514
labor,5.686750172980514
ky,5.686750172980514
kunwari,5.686750172980514
kunin,5.686750172980514
kulto,5.686750172980514
kuda,5.686750172980514
knya,5.686750172980514
known,5.686750172980514
leaked,5.686750172980514
left,5.686750172980514
lousy,5.686750172980514
leni-sara,5.686750172980514
louder,5.686750172980514
lot,5.686750172980514
loser,5.686750172980514
lord,5.686750172980514
long,5.686750172980514
lolit,5.686750172980514
lola,5.686750172980514
logo,5.686750172980514
localized,5.686750172980514
listahan,5.686750172980514
lilinaw,5.686750172980514
lies,5.686750172980514
lider,5.686750172980514
libro,5.686750172980514
liar,5.686750172980514
letterboxd,5.686750172980514
less,5.686750172980514
leonen,5.686750172980514
lenlen,5.686750172980514
makakareview,5.686750172980514
makamayaman,5.686750172980514
makapag-malinis,5.686750172980514
mindset,5.686750172980514
millions,5.686750172980514
million,5.686750172980514
millenials,5.686750172980514
mic,5.686750172980514
message,5.686750172980514
mentwnance,5.686750172980514
mentioning,5.686750172980514
mention,5.686750172980514
memorize,5.686750172980514
memorial,5.686750172980514
memes,5.686750172980514
meme,5.686750172980514
meeting,5.686750172980514
meet,5.686750172980514
medyo,5.686750172980514
mediocrity,5.686750172980514
mauulit,5.686750172980514
matutuwa,5.686750172980514
matutunan,5.686750172980514
mimisinterpret,5.686750172980514
mirror,5.686750172980514
makasuhan,5.686750172980514
misinformation,5.686750172980514
nabuhayan,5.686750172980514
na...election,5.686750172980514
myghaaddddd,5.686750172980514
mygahd,5.686750172980514
must,5.686750172980514
murderer--is,5.686750172980514
mudslinging,5.686750172980514
msm,5.686750172980514
movie,5.686750172980514
mouth,5.686750172980514
motherly,5.686750172980514
morally,5.686750172980514
moots,5.686750172980514
moment,5.686750172980514
mo/nyo,5.686750172980514
mistaken,5.686750172980514
missed,5.686750172980514
miss,5.686750172980514
misplaced,5.686750172980514
matching,5.686750172980514
match,5.686750172980514
matatalo,5.686750172980514
matalinong,5.686750172980514
maniniwala,5.686750172980514
manila,5.686750172980514
mangundato,5.686750172980514
manash,5.686750172980514
mananatiling,5.686750172980514
mananalo,5.686750172980514
mamumuno,5.686750172980514
mamatay,5.686750172980514
malayo,5.686750172980514
malapit,5.686750172980514
malamang,5.686750172980514
malaman,5.686750172980514
malala,5.686750172980514
malakas,5.686750172980514
makipot,5.686750172980514
makipagtalo,5.686750172980514
makikita,5.686750172980514
makeover,5.686750172980514
makatanggap,5.686750172980514
manipulation...pera,5.686750172980514
manira,5.686750172980514
manok,5.686750172980514
masamang,5.686750172980514
matalino,5.686750172980514
matagal,5.686750172980514
masyadong,5.686750172980514
mastroke,5.686750172980514
mass,5.686750172980514
masisira,5.686750172980514
masculinity,5.686750172980514
masayang,5.686750172980514
masaktan,5.686750172980514
manood,5.686750172980514
masabe,5.686750172980514
marunong,5.686750172980514
marks,5.686750172980514
marcoses,5.686750172980514
marcos..kasi,5.686750172980514
marcos's,5.686750172980514
march,5.686750172980514
mapapahiya,5.686750172980514
platform,5.686750172980514
ploy,5.686750172980514
kinulong,5.686750172980514
ths,5.686750172980514
thousands,5.686750172980514
things,5.686750172980514
thieves,5.686750172980514
thief,5.686750172980514
theres,5.686750172980514
there's,5.686750172980514
thanks,5.686750172980514
thank,5.686750172980514
terorista,5.686750172980514
tell,5.686750172980514
teh,5.686750172980514
teenager,5.686750172980514
team,5.686750172980514
tawang,5.686750172980514
tawagin,5.686750172980514
tawag,5.686750172980514
tawa,5.686750172980514
tatakbong,5.686750172980514
tatag,5.686750172980514
throw,5.686750172980514
thus,5.686750172980514
taong,5.686750172980514
tie-braker,5.686750172980514
trapong-trapo,5.686750172980514
trap,5.686750172980514
track,5.686750172980514
toxicity,5.686750172980514
total,5.686750172980514
topple,5.686750172980514
top,5.686750172980514
toh,5.686750172980514
tiwala,5.686750172980514
title,5.686750172980514
tiranikong,5.686750172980514
tipaklong,5.686750172980514
tinutukoy,5.686750172980514
tinorture,5.686750172980514
tinitira,5.686750172980514
tingnan,5.686750172980514
tingin,5.686750172980514
tinanong,5.686750172980514
tigre,5.686750172980514
target,5.686750172980514
tangkang,5.686750172980514
sponsored,5.686750172980514
sumali,5.686750172980514
sugat,5.686750172980514
subtances,5.686750172980514
student,5.686750172980514
stuck,5.686750172980514
strikes,5.686750172980514
stories,5.686750172980514
stop,5.686750172980514
stock,5.686750172980514
stimulus,5.686750172980514
sti,5.686750172980514
stench,5.686750172980514
stay,5.686750172980514
statement,5.686750172980514
stands,5.686750172980514
standards,5.686750172980514
stand,5.686750172980514
stance,5.686750172980514
sr,5.686750172980514
spun,5.686750172980514
suggest,5.686750172980514
sunday,5.686750172980514
tangent,5.686750172980514
support,5.686750172980514
tandem,5.686750172980514
talunan,5.686750172980514
talker,5.686750172980514
talk,5.686750172980514
taliwas,5.686750172980514
takot,5.686750172980514
takes,5.686750172980514
taken,5.686750172980514
tagumpay,5.686750172980514
tagisan,5.686750172980514
tagalog,5.686750172980514
system,5.686750172980514
symbol,5.686750172980514
swim,5.686750172980514
swap,5.686750172980514
susunod,5.686750172980514
survey,5.686750172980514
suriin,5.686750172980514
surbey,5.686750172980514
trash,5.686750172980514
traydor,5.686750172980514
trillion,5.686750172980514
win.https://t.co/mktnmg8ei,5.686750172980514
whose,5.686750172980514
who's,5.686750172980514
whitewashed,5.686750172980514
whenever,5.686750172980514
whateverrr,5.686750172980514
wealth,5.686750172980514
weak,5.686750172980514
wave,5.686750172980514
water,5.686750172980514
watching,5.686750172980514
watch,5.686750172980514
wants,5.686750172980514
wake,5.686750172980514
vpleni,5.686750172980514
voting,5.686750172980514
voter,5.686750172980514
vote...hmmm,5.686750172980514
vloggers,5.686750172980514
visual,5.686750172980514
wild,5.686750172980514
wish,5.686750172980514
trono,5.686750172980514
without,5.686750172980514
yun....saan,5.686750172980514
yolanda,5.686750172980514
yikes,5.686750172980514
yet,5.686750172980514
yes,5.686750172980514
yellowtards,5.686750172980514
year,5.686750172980514
yata,5.686750172980514
yasss,5.686750172980514
yang,5.686750172980514
yabang,5.686750172980514
wuuuhhh,5.686750172980514
wtf,5.686750172980514
write,5.686750172980514
wowwalmost,5.686750172980514
worth,5.686750172980514
worry,5.686750172980514
word,5.686750172980514
wont,5.686750172980514
violent-capable,5.686750172980514
villar,5.686750172980514
villafuerte,5.686750172980514
vigilant,5.686750172980514
umintindi,5.686750172980514
uminom,5.686750172980514
umiiyak,5.686750172980514
umasa,5.686750172980514
ulul,5.686750172980514
ulol,5.686750172980514
ulitin,5.686750172980514
ule,5.686750172980514
ulap..omg,5.686750172980514
tuta,5.686750172980514
turn,5.686750172980514
tunay,5.686750172980514
tumingin,5.686750172980514
tumatawa,5.686750172980514
tumakbo,5.686750172980514
tumaas,5.686750172980514
tulugan,5.686750172980514
truth,5.686750172980514
trusted,5.686750172980514
umpisa,5.686750172980514
umuwi,5.686750172980514
un,5.686750172980514
unwary,5.686750172980514
views,5.686750172980514
verifiable,5.686750172980514
useless,5.686750172980514
used,5.686750172980514
use,5.686750172980514
usapang,5.686750172980514
usa,5.686750172980514
us,5.686750172980514
unqualified,5.686750172980514
unang,5.686750172980514
unnamed,5.686750172980514
universities,5.686750172980514
unity,5.686750172980514
unfairness,5.686750172980514
understood,5.686750172980514
understand,5.686750172980514
unawain,5.686750172980514
unapologetic,5.686750172980514
spoon,5.686750172980514
spokesman,5.686750172980514
plummet,5.686750172980514
repeated,5.686750172980514
reminder,5.686750172980514
remind,5.686750172980514
remarks,5.686750172980514
regime,5.686750172980514
reform,5.686750172980514
reflection,5.686750172980514
referring,5.686750172980514
reeking,5.686750172980514
redtagger,5.686750172980514
recovery,5.686750172980514
record,5.686750172980514
receive,5.686750172980514
read,5.686750172980514
raul,5.686750172980514
rason,5.686750172980514
rampage,5.686750172980514
rallies,5.686750172980514
radical,5.686750172980514
race,5.686750172980514
repeat,5.686750172980514
repeating,5.686750172980514
queen,5.686750172980514
replace,5.686750172980514
robredo.younger,5.686750172980514
robredo..ang,5.686750172980514
robredo....nakakatakot,5.686750172980514
rival,5.686750172980514
rip,5.686750172980514
ring,5.686750172980514
rewritten,5.686750172980514
rewarded,5.686750172980514
retweeting,5.686750172980514
return,5.686750172980514
retarded,5.686750172980514
results,5.686750172980514
respeto,5.686750172980514
respect,5.686750172980514
republic,5.686750172980514
reports,5.686750172980514
reporting,5.686750172980514
report,5.686750172980514
replied,5.686750172980514
r.i.p,5.686750172980514
qualified,5.686750172980514
sources,5.686750172980514
pouring,5.686750172980514
pota,5.686750172980514
possible,5.686750172980514
positions,5.686750172980514
position,5.686750172980514
posible,5.686750172980514
porma,5.686750172980514
porket,5.686750172980514
populist,5.686750172980514
popost,5.686750172980514
pong,5.686750172980514
politics,5.686750172980514
politically,5.686750172980514
pokwang,5.686750172980514
poised,5.686750172980514
point,5.686750172980514
pohahahaha,5.686750172980514
pnp-afp,5.686750172980514
plus,5.686750172980514
plundered,5.686750172980514
potanginaaaaausasassasa,5.686750172980514
poverty,5.686750172980514
pwedeng,5.686750172980514
prank,5.686750172980514
putik,5.686750172980514
putangina,5.686750172980514
puppet,5.686750172980514
puneta,5.686750172980514
pumusta,5.686750172980514
pumili,5.686750172980514
pumayat,5.686750172980514
pumapansin,5.686750172980514
pulitika,5.686750172980514
publicly,5.686750172980514
proyekto,5.686750172980514
proud,5.686750172980514
protest,5.686750172980514
promise,5.686750172980514
professionally,5.686750172980514
prof,5.686750172980514
problems,5.686750172980514
pride,5.686750172980514
present,5.686750172980514
roco,5.686750172980514
rooting,5.686750172980514
roots,5.686750172980514
sink,5.686750172980514
sinasabe,5.686750172980514
sinabihan,5.686750172980514
sina-suggest,5.686750172980514
simbahan,5.686750172980514
silent,5.686750172980514
silang,5.686750172980514
sigurado,5.686750172980514
sign,5.686750172980514
sight,5.686750172980514
sige,5.686750172980514
siding,5.686750172980514
sides,5.686750172980514
sibuyas,5.686750172980514
shuta,5.686750172980514
showing,5.686750172980514
showbiz,5.686750172980514
short,5.686750172980514
shoild,5.686750172980514
shit,5.686750172980514
siniraan,5.686750172980514
sinungaleng,5.686750172980514
rumaket,5.686750172980514
sinusumpa,5.686750172980514
sooooo,5.686750172980514
soooo,5.686750172980514
soon,5.686750172980514
somehow,5.686750172980514
solutions,5.686750172980514
solis,5.686750172980514
sociopath,5.686750172980514
social,5.686750172980514
so-called,5.686750172980514
smartmatic,5.686750172980514
smarter,5.686750172980514
slap,5.686750172980514
slammed,5.686750172980514
ski,5.686750172980514
siyang,5.686750172980514
siyan,5.686750172980514
six,5.686750172980514
sitting,5.686750172980514
sir,5.686750172980514
shirt,5.686750172980514
shift,5.686750172980514
sheyt,5.686750172980514
shares,5.686750172980514
sasabing,5.686750172980514
sapat,5.686750172980514
santiago,5.686750172980514
santa,5.686750172980514
sanay,5.686750172980514
sana,5.686750172980514
sama-sama,5.686750172980514
saln,5.686750172980514
sakin,5.686750172980514
saken,5.686750172980514
sakali,5.686750172980514
sagutin,5.686750172980514
sagot,5.686750172980514
sabwatan,5.686750172980514
sa'yo,5.686750172980514
s'ya,5.686750172980514
ruth,5.686750172980514
runs,5.686750172980514
running,5.686750172980514
sasagot,5.686750172980514
sau,5.686750172980514
saw,5.686750172980514
sen,5.686750172980514
shade,5.686750172980514
sha,5.686750172980514
seryoso,5.686750172980514
series,5.686750172980514
sensible,5.686750172980514
sense.kaya,5.686750172980514
senate,5.686750172980514
senador,5.686750172980514
semester,5.686750172980514
sawang,5.686750172980514
self,5.686750172980514
sekta,5.686750172980514
seek,5.686750172980514
second,5.686750172980514
seat,5.686750172980514
scripted,5.686750172980514
scion,5.686750172980514
scarf,5.686750172980514
know,5.686750172980514
majority,5.686750172980514
behavior,5.686750172980514
articulate,5.686750172980514
fan,5.686750172980514
family's,5.686750172980514
chorus,5.686750172980514
church,5.686750172980514
fall,5.686750172980514
articles,5.686750172980514
factual,5.686750172980514
far,5.686750172980514
fact,5.686750172980514
city,5.686750172980514
facking,5.686750172980514
civilian,5.686750172980514
fabricated,5.686750172980514
extremely,5.686750172980514
arroyo,5.686750172980514
choose,5.686750172980514
expert,5.686750172980514
arrogantly,5.686750172980514
character,5.686750172980514
charot,5.686750172980514
armadong,5.686750172980514
cheap,5.686750172980514
check,5.686750172980514
army,5.686750172980514
fem,5.686750172980514
farmers,5.686750172980514
fellow,5.686750172980514
feel,5.686750172980514
cherry,5.686750172980514
feed,5.686750172980514
faves,5.686750172980514
balak,5.686750172980514
explain,5.686750172980514
experience,5.686750172980514
arguments,5.686750172980514
escape,5.686750172980514
evader,5.686750172980514
eto,5.686750172980514
estimates,5.686750172980514
estate,5.686750172980514
especially,5.686750172980514
escapee,5.686750172980514
coffers,5.686750172980514
cocaine,5.686750172980514
era,5.686750172980514
entrust,5.686750172980514
enough,5.686750172980514
cojuangco,5.686750172980514
color,5.686750172980514
engot,5.686750172980514
coconvince,5.686750172980514
co-supporters,5.686750172980514
asa,5.686750172980514
example,5.686750172980514
expect,5.686750172980514
exist,5.686750172980514
excommunication,5.686750172980514
excitttedddd,5.686750172980514
asal,5.686750172980514
exchanges,5.686750172980514
ex,5.686750172980514
baket,5.686750172980514
asang,5.686750172980514
ewww,5.686750172980514
bakla,5.686750172980514
evidence,5.686750172980514
cloaked,5.686750172980514
close,5.686750172980514
finest,5.686750172980514
fist,5.686750172980514
golden,5.686750172980514
cannot,5.686750172980514
gawing,5.686750172980514
garten,5.686750172980514
cancelling,5.686750172980514
cancer,5.686750172980514
candidate's,5.686750172980514
analysis,5.686750172980514
ganoon,5.686750172980514
geronimo,5.686750172980514
andame,5.686750172980514
ganito,5.686750172980514
gan,5.686750172980514
gamot,5.686750172980514
galing,5.686750172980514
galawan,5.686750172980514
generate,5.686750172980514
ginagapang,5.686750172980514
gagu,5.686750172980514
given,5.686750172980514
campaigns,5.686750172980514
godbless,5.686750172980514
gobyernohahahaha,5.686750172980514
gobyerno,5.686750172980514
glorious,5.686750172980514
gloria,5.686750172980514
bares,5.686750172980514
cancel,5.686750172980514
criticize,5.686750172980514
ambobo,5.686750172980514
america,5.686750172980514
ginastos,5.686750172980514
ginahasa,5.686750172980514
ginagastos,5.686750172980514
gah,5.686750172980514
gabi,5.686750172980514
changed,5.686750172980514
foreign,5.686750172980514
caravan,5.686750172980514
francisco,5.686750172980514
carlos,5.686750172980514
ces,5.686750172980514
baliw,5.686750172980514
aq,5.686750172980514
foreceful,5.686750172980514
caquioa,5.686750172980514
force,5.686750172980514
change,5.686750172980514
araw-araw,5.686750172980514
fm,5.686750172980514
flushes,5.686750172980514
flaws,5.686750172980514
appointess,5.686750172980514
friends,5.686750172980514
andyan,5.686750172980514
caps,5.686750172980514
gaan,5.686750172980514
fvr,5.686750172980514
funny,5.686750172980514
capability,5.686750172980514
capitalists,5.686750172980514
fund,5.686750172980514
full,5.686750172980514
appearance,5.686750172980514
fucking,5.686750172980514
anw,5.686750172980514
fsec,5.686750172980514
anyone,5.686750172980514
anything,5.686750172980514
appeal,5.686750172980514
english,5.686750172980514
endorsement,5.686750172980514
endorsed,5.686750172980514
convince,5.686750172980514
demonization,5.686750172980514
deliver,5.686750172980514
deliberately,5.686750172980514
dehado,5.686750172980514
degree,5.686750172980514
control,5.686750172980514
cool,5.686750172980514
context,5.686750172980514
definition,5.686750172980514
badmouthing,5.686750172980514
defeat,5.686750172980514
coseteng,5.686750172980514
deception,5.686750172980514
background,5.686750172980514
bababatan,5.686750172980514
dependent,5.686750172980514
babantayan,5.686750172980514
"dictadurya,sa",5.686750172980514
diktador,5.686750172980514
digong,5.686750172980514
diehard,5.686750172980514
baguhin,5.686750172980514
ayoko,5.686750172980514
consider,5.686750172980514
ayon,5.686750172980514
deprensya,5.686750172980514
ayos,5.686750172980514
ayun,5.686750172980514
destroy,5.686750172980514
despotic,5.686750172980514
desisyon,5.686750172980514
describing,5.686750172980514
babalik,5.686750172980514
cover,5.686750172980514
enabling,5.686750172980514
credentials,5.686750172980514
created,5.686750172980514
daily,5.686750172980514
daggers,5.686750172980514
dad,5.686750172980514
cya,5.686750172980514
cuz,5.686750172980514
credible,5.686750172980514
damn,5.686750172980514
credit,5.686750172980514
culture,5.686750172980514
criticisms,5.686750172980514
cult,5.686750172980514
babym,5.686750172980514
crowd,5.686750172980514
daming,5.686750172980514
damnnnn,5.686750172980514
deadt,5.686750172980514
davidson,5.686750172980514
deadma,5.686750172980514
back,5.686750172980514
dba,5.686750172980514
days,5.686750172980514
day,5.686750172980514
baby,5.686750172980514
davao,5.686750172980514
damo,5.686750172980514
cpp,5.686750172980514
dating,5.686750172980514
dati,5.686750172980514
create,5.686750172980514
daratin,5.686750172980514
danding,5.686750172980514
dilawan,5.686750172980514
dinadaan,5.686750172980514
connection,5.686750172980514
earth,5.686750172980514
economics,5.686750172980514
economic,5.686750172980514
ebidensya,5.686750172980514
easter,5.686750172980514
atl,5.686750172980514
bahid,5.686750172980514
comes,5.686750172980514
edi,5.686750172980514
dzai,5.686750172980514
atleast,5.686750172980514
dynasties,5.686750172980514
dynastic,5.686750172980514
comfortably,5.686750172980514
coming,5.686750172980514
economist,5.686750172980514
edsa,5.686750172980514
avance,5.686750172980514
eleksyon,5.686750172980514
embarrassing,5.686750172980514
combatant,5.686750172980514
elitista,5.686750172980514
elites,5.686750172980514
aspirant,5.686750172980514
assassinated,5.686750172980514
assumes,5.686750172980514
eendorso,5.686750172980514
assured,5.686750172980514
asylum,5.686750172980514
elected,5.686750172980514
ejk,5.686750172980514
ate,5.686750172980514
ego,5.686750172980514
common,5.686750172980514
duping,5.686750172980514
duo,5.686750172980514
disowning,5.686750172980514
done,5.686750172980514
domestic,5.686750172980514
domagaso,5.686750172980514
diyos,5.686750172980514
communist,5.686750172980514
disrespects,5.686750172980514
auco,5.686750172980514
dun,5.686750172980514
audacity,5.686750172980514
direct,5.686750172980514
communists,5.686750172980514
comparison...objective,5.686750172980514
authoritarian,5.686750172980514
connected,5.686750172980514
dont,5.686750172980514
double,5.686750172980514
downplay,5.686750172980514
downplays,5.686750172980514
dr,5.686750172980514
bahay,5.686750172980514
dragging,5.686750172980514
drilon,5.686750172980514
atty,5.686750172980514
droga,5.686750172980514
drop,5.686750172980514
drug,5.686750172980514
due,5.686750172980514
attorney,5.686750172980514
dumalo,5.686750172980514
attending,5.686750172980514
dumi,5.686750172980514
gold,5.686750172980514
give,5.686750172980514
ambitious,5.686750172980514
jet,5.686750172980514
journalism,5.686750172980514
accused,5.686750172980514
josh,5.686750172980514
bayaran,5.686750172980514
joke,5.686750172980514
jobless,5.686750172980514
blessings,5.686750172980514
isiwalat,5.686750172980514
jesse,5.686750172980514
achievement,5.686750172980514
blocking,5.686750172980514
itinapon,5.686750172980514
itanong,5.686750172980514
issues,5.686750172980514
jr.--the,5.686750172980514
jusko,5.686750172980514
bitter,5.686750172980514
bintang,5.686750172980514
jusmi,5.686750172980514
justice,5.686750172980514
justifying,5.686750172980514
binoto,5.686750172980514
kaapuapuhan,5.686750172980514
kabalbalan,5.686750172980514
kabataan,5.686750172980514
kabayo,5.686750172980514
kabonding,5.686750172980514
accusations,5.686750172980514
binoboto,5.686750172980514
kada,5.686750172980514
kadiliman,5.686750172980514
isko.d,5.686750172980514
irrelevant,5.686750172980514
kagad,5.686750172980514
inflated,5.686750172980514
insidenteng,5.686750172980514
inidoro,5.686750172980514
boi,5.686750172980514
bongbongmarcosdotcom,5.686750172980514
boxer,5.686750172980514
info,5.686750172980514
brain,5.686750172980514
ipokrita,5.686750172980514
inevitable,5.686750172980514
inendorse,5.686750172980514
inday,5.686750172980514
brat,5.686750172980514
incredible,5.686750172980514
ince,5.686750172980514
gone,5.686750172980514
insult,5.686750172980514
insurmountable,5.686750172980514
intel,5.686750172980514
adik,5.686750172980514
intelligent,5.686750172980514
intense,5.686750172980514
ad,5.686750172980514
blow.see,5.686750172980514
intl,5.686750172980514
inutil,5.686750172980514
involvement,5.686750172980514
inyo,5.686750172980514
acting,5.686750172980514
ipanalo,5.686750172980514
ipasa,5.686750172980514
ipinapakalat,5.686750172980514
kadiri,5.686750172980514
kahuli,5.686750172980514
bratty,5.686750172980514
kawawa,5.686750172980514
kayo.ang,5.686750172980514
kayo...at,5.686750172980514
abt,5.686750172980514
abusado,5.686750172980514
better,5.686750172980514
abused,5.686750172980514
abuser,5.686750172980514
karera,5.686750172980514
katolikong,5.686750172980514
katapatan,5.686750172980514
katangahan,5.686750172980514
kasinungalingan,5.686750172980514
beat,5.686750172980514
kasalanan,5.686750172980514
abc,5.686750172980514
besides,5.686750172980514
berdugo,5.686750172980514
kc,5.686750172980514
abangan,5.686750172980514
beloved,5.686750172980514
kelangan,5.686750172980514
kesyo,5.686750172980514
belittle,5.686750172980514
khit,5.686750172980514
ki,5.686750172980514
aattend,5.686750172980514
beh,5.686750172980514
killing,5.686750172980514
kim,5.686750172980514
kinder,5.686750172980514
kingmaker,5.686750172980514
bibi-im,5.686750172980514
kardashian,5.686750172980514
kaibigan,5.686750172980514
binabanggit,5.686750172980514
bilib,5.686750172980514
billion,5.686750172980514
billions,5.686750172980514
kakilala,5.686750172980514
bimby,5.686750172980514
kakapalan,5.686750172980514
kakampwets,5.686750172980514
kapangyarihan,5.686750172980514
binasag,5.686750172980514
binato,5.686750172980514
accounts,5.686750172980514
kailan,5.686750172980514
binigay,5.686750172980514
kaila,5.686750172980514
bilangan&gt,5.686750172980514
kalingkingan,5.686750172980514
kalinisan,5.686750172980514
kamag,5.686750172980514
kamay,5.686750172980514
bearable,5.686750172980514
according,5.686750172980514
kampon,5.686750172980514
kamusta,5.686750172980514
accept,5.686750172980514
kana,5.686750172980514
kaniya,5.686750172980514
biggest,5.686750172980514
kaniyang,5.686750172980514
academically,5.686750172980514
big,5.686750172980514
bida,5.686750172980514
inc's,5.686750172980514
crosswords,5.686750172980514
inako,5.686750172980514
allow,5.686750172980514
hangad,5.686750172980514
handle,5.686750172980514
hanapin,5.686750172980514
bars,5.686750172980514
han,5.686750172980514
halos,5.686750172980514
halalan,5.686750172980514
happened,5.686750172980514
hakot,5.686750172980514
hahhahahahhahahaha,5.686750172980514
hahayaan,5.686750172980514
hahakutin,5.686750172980514
hahahhaha,5.686750172980514
hahahahahahahahaha,5.686750172980514
happen,5.686750172980514
hatred,5.686750172980514
hinde,5.686750172980514
heaviest,5.686750172980514
hiding,5.686750172980514
hi,5.686750172980514
help,5.686750172980514
businessworld,5.686750172980514
butal,5.686750172980514
bashing,5.686750172980514
heart,5.686750172980514
aksayahan,5.686750172980514
headlines,5.686750172980514
butterfly,5.686750172980514
ako/kami,5.686750172980514
inaalam,5.686750172980514
hayagan,5.686750172980514
hayaan,5.686750172980514
c'mon,5.686750172980514
hahahahaha,5.686750172980514
c-criticize,5.686750172980514
grabee,5.686750172980514
greed,5.686750172980514
great,5.686750172980514
always,5.686750172980514
grass,5.686750172980514
campaign,5.686750172980514
campaigning,5.686750172980514
grabe,5.686750172980514
cahoots,5.686750172980514
amateurs,5.686750172980514
grab,5.686750172980514
government,5.686750172980514
gov't,5.686750172980514
google,5.686750172980514
ambag,5.686750172980514
grupo,5.686750172980514
guilty,5.686750172980514
gulang,5.686750172980514
gumagana,5.686750172980514
gumagawa,5.686750172980514
gurang,5.686750172980514
gurl,5.686750172980514
gusman,5.686750172980514
guy,5.686750172980514
camera,5.686750172980514
although,5.686750172980514
calling,5.686750172980514
hacks,5.686750172980514
haha,5.686750172980514
hahah,5.686750172980514
alternative,5.686750172980514
hahahah,5.686750172980514
himala,5.686750172980514
buying,5.686750172980514
idamay,5.686750172980514
humpay,5.686750172980514
bastos,5.686750172980514
iangat,5.686750172980514
ibabase,5.686750172980514
imaginations,5.686750172980514
brutal,5.686750172980514
ahahahahha,5.686750172980514
ibigay,5.686750172980514
advance,5.686750172980514
iboboto,5.686750172980514
ah-ah,5.686750172980514
battle,5.686750172980514
iconvey,5.686750172980514
bribery,5.686750172980514
adviser,5.686750172980514
historic,5.686750172980514
idolo,5.686750172980514
ilocana,5.686750172980514
agency,5.686750172980514
ilo,5.686750172980514
ill-gotten,5.686750172980514
ill,5.686750172980514
ilang,5.686750172980514
igboboto,5.686750172980514
igiit,5.686750172980514
ihahalili,5.686750172980514
huwahhaahaha,5.686750172980514
imbitasyon,5.686750172980514
humarap,5.686750172980514
burden,5.686750172980514
businesses,5.686750172980514
historical,5.686750172980514
aka,5.686750172980514
ahh,5.686750172980514
hithit,5.686750172980514
bus,5.686750172980514
holier-than-thou,5.686750172980514
breast,5.686750172980514
basta,5.686750172980514
home,5.686750172980514
hontiveros,5.686750172980514
ikabubuti,5.686750172980514
hope,5.686750172980514
imee,5.686750172980514
hulihan,5.686750172980514
huhu,5.686750172980514
hs,5.686750172980514
buong,5.686750172980514
hoping,5.686750172980514
impactful,5.686750172980514
important,5.686750172980514
tatay,5.28128506487235
since,5.28128506487235
clear,5.28128506487235
sinungaling,5.28128506487235
behind,5.28128506487235
believe,5.28128506487235
bet,5.28128506487235
tagal,5.28128506487235
tangina,5.28128506487235
robredo's,5.28128506487235
take,5.28128506487235
tale,5.28128506487235
sinong,5.28128506487235
robin,5.28128506487235
sison,5.28128506487235
tanga,5.28128506487235
sobrang,5.28128506487235
bias,5.28128506487235
sinasabi,5.28128506487235
stole,5.28128506487235
sarah,5.28128506487235
soho,5.28128506487235
balita,5.28128506487235
sasabihin,5.28128506487235
comments,5.28128506487235
china,5.28128506487235
sawa,5.28128506487235
bat,5.28128506487235
supporter,5.28128506487235
bigyan,5.28128506487235
siguro,5.28128506487235
sure,5.28128506487235
sakit,5.28128506487235
sayang,5.28128506487235
sayo,5.28128506487235
says,5.28128506487235
bid,5.28128506487235
bayan,5.28128506487235
bobong,5.28128506487235
corruption,5.28128506487235
tanong,5.28128506487235
cory,5.28128506487235
candidates,5.28128506487235
thing,5.28128506487235
bad,5.28128506487235
boboto,5.28128506487235
bam,5.28128506487235
country's,5.28128506487235
com,5.28128506487235
dumb,5.28128506487235
gawin,5.28128506487235
ina,5.28128506487235
ho,5.28128506487235
might,5.28128506487235
meron,5.28128506487235
huh,5.28128506487235
i'm,5.28128506487235
went,5.28128506487235
icymi,5.28128506487235
image,5.28128506487235
administration,5.28128506487235
hirap,5.28128506487235
mandarambong,5.28128506487235
manalo,5.28128506487235
mama,5.28128506487235
malinis,5.28128506487235
wins,5.28128506487235
infos,5.28128506487235
making,5.28128506487235
international,5.28128506487235
miriam,5.28128506487235
hello,5.28128506487235
version,5.28128506487235
name,5.28128506487235
via,5.28128506487235
ganyan,5.28128506487235
right,5.28128506487235
get,5.28128506487235
nasa,5.28128506487235
naniniwala,5.28128506487235
nangyari,5.28128506487235
going,5.28128506487235
namang,5.28128506487235
money,5.28128506487235
ama,5.28128506487235
guys,5.28128506487235
nakakatawa,5.28128506487235
naka,5.28128506487235
war,5.28128506487235
mrs,5.28128506487235
headline,5.28128506487235
akala,5.28128506487235
make,5.28128506487235
interviews,5.28128506487235
achievements,5.28128506487235
kayong,5.28128506487235
kapatid,5.28128506487235
let,5.28128506487235
kase,5.28128506487235
abuses,5.28128506487235
lead,5.28128506487235
yellow,5.28128506487235
absent,5.28128506487235
last,5.28128506487235
kbp,5.28128506487235
jessica,5.28128506487235
lakas,5.28128506487235
lagi,5.28128506487235
keep,5.28128506487235
yon,5.28128506487235
kwenta,5.28128506487235
kundi,5.28128506487235
kumita,5.28128506487235
kulay,5.28128506487235
lie,5.28128506487235
kapal,5.28128506487235
list,5.28128506487235
kandidato,5.28128506487235
joma,5.28128506487235
magiging,5.28128506487235
magdesisyon,5.28128506487235
wow,5.28128506487235
magagawa,5.28128506487235
madam,5.28128506487235
maayos,5.28128506487235
wrong,5.28128506487235
kakampinks,5.28128506487235
lugaw,5.28128506487235
luck,5.28128506487235
loyalists,5.28128506487235
kala,5.28128506487235
kalaban,5.28128506487235
look,5.28128506487235
loob,5.28128506487235
kaming,5.28128506487235
negative,5.28128506487235
article,5.28128506487235
enabler,5.28128506487235
elections,5.28128506487235
plan,5.28128506487235
true,5.28128506487235
dzbb,5.28128506487235
pinklawan,5.28128506487235
tsaka,5.28128506487235
ekonomista,5.28128506487235
elect,5.28128506487235
else,5.28128506487235
defensor,5.28128506487235
valid,5.28128506487235
pera,5.28128506487235
turn-downs,5.28128506487235
debt,5.28128506487235
ernesto,5.28128506487235
asked,5.28128506487235
ever,5.28128506487235
attempting,5.28128506487235
declared,5.28128506487235
troll,5.28128506487235
plunder,5.28128506487235
quiboloy,5.28128506487235
questions,5.28128506487235
question,5.28128506487235
puta,5.28128506487235
tinuturuan,5.28128506487235
proven,5.28128506487235
tong,5.28128506487235
rally,5.28128506487235
ayan,5.28128506487235
totoo,5.28128506487235
dinaya,5.28128506487235
pres,5.28128506487235
diyan,5.28128506487235
trapo,5.28128506487235
knew,5.28128506487235
every,5.28128506487235
raw,5.28128506487235
asia,5.28128506487235
obvious,5.28128506487235
opinion,5.28128506487235
cusp,5.28128506487235
followers,5.28128506487235
tinapos,5.28128506487235
forum,5.28128506487235
ofc,5.28128506487235
obviously,5.28128506487235
revive,5.28128506487235
everyone,5.28128506487235
nyang,5.28128506487235
answers,5.28128506487235
rewrites,5.28128506487235
funds,5.28128506487235
no-shows,5.28128506487235
another,5.28128506487235
utak,5.28128506487235
tinatawag,5.28128506487235
find,5.28128506487235
owned,5.28128506487235
tamad,5.28128506487235
real,5.28128506487235
babawi,5.28128506487235
dds,5.28128506487235
umaasa,5.28128506487235
remember,5.28128506487235
artista,5.28128506487235
palibhasa,5.28128506487235
family,5.28128506487235
padilla,5.28128506487235
pagsuporta,5.28128506487235
father's,5.28128506487235
fbi's,5.28128506487235
dare,5.28128506487235
pagiging,5.28128506487235
filipino,5.28128506487235
definitely,5.28128506487235
years,4.993602992420569
th,4.993602992420569
tao,4.993602992420569
account,4.993602992420569
trolls,4.993602992420569
baka,4.993602992420569
ask,4.993602992420569
they're,4.993602992420569
asawa,4.993602992420569
well,4.993602992420569
weh,4.993602992420569
tax,4.993602992420569
wanted,4.993602992420569
also,4.993602992420569
that's,4.993602992420569
ung,4.993602992420569
vice,4.993602992420569
tiktok,4.993602992420569
kita,4.993602992420569
tama,4.993602992420569
future,4.993602992420569
frontrunner,4.993602992420569
frequent,4.993602992420569
former,4.993602992420569
paid,4.993602992420569
false,4.993602992420569
talo,4.993602992420569
pang,4.993602992420569
panindigan,4.993602992420569
pano,4.993602992420569
ewan,4.993602992420569
parehong,4.993602992420569
people,4.993602992420569
philippine,4.993602992420569
dynasty,4.993602992420569
pnoy,4.993602992420569
political,4.993602992420569
polls,4.993602992420569
disinformation,4.993602992420569
power,4.993602992420569
presidency,4.993602992420569
prrd,4.993602992420569
fuck,4.993602992420569
nice,4.993602992420569
put,4.993602992420569
never,4.993602992420569
kesa,4.993602992420569
laging,4.993602992420569
leading,4.993602992420569
lolo,4.993602992420569
love,4.993602992420569
jan,4.993602992420569
itong,4.993602992420569
interview,4.993602992420569
mali,4.993602992420569
marcosjr,4.993602992420569
iboto,4.993602992420569
ibang,4.993602992420569
media,4.993602992420569
mind,4.993602992420569
he's,4.993602992420569
nahiya,4.993602992420569
hahaha,4.993602992420569
ha,4.993602992420569
nanalo,4.993602992420569
gising,4.993602992420569
need,4.993602992420569
diba,4.993602992420569
fake,4.993602992420569
still,4.993602992420569
current,4.993602992420569
supporting,4.993602992420569
buti,4.993602992420569
comelec,4.993602992420569
bullying,4.993602992420569
see,4.993602992420569
cnn,4.993602992420569
biased,4.993602992420569
buhay,4.993602992420569
skipper,4.993602992420569
best,4.993602992420569
rights,4.993602992420569
run,4.993602992420569
dami,4.993602992420569
sinabi,4.993602992420569
chance,4.993602992420569
shunga,4.993602992420569
sense,4.993602992420569
sambayanang,4.993602992420569
choice,4.993602992420569
boto,4.993602992420569
first,4.770459441106359
pamilya,4.770459441106359
sara,4.770459441106359
magaling,4.770459441106359
say,4.770459441106359
madami,4.770459441106359
noong,4.770459441106359
umattend,4.770459441106359
bansa,4.770459441106359
pala,4.770459441106359
nating,4.770459441106359
senator,4.770459441106359
nung,4.770459441106359
can't,4.770459441106359
amp,4.770459441106359
npa,4.770459441106359
would,4.770459441106359
even,4.770459441106359
mukha,4.770459441106359
yun,4.770459441106359
ah,4.770459441106359
late,4.770459441106359
kayang,4.770459441106359
sorry,4.770459441106359
leader,4.770459441106359
time,4.770459441106359
human,4.770459441106359
way,4.770459441106359
attend,4.770459441106359
ipagtanggol,4.770459441106359
pink,4.770459441106359
nagawa,4.770459441106359
either,4.770459441106359
malacanang,4.770459441106359
nag,4.770459441106359
next,4.770459441106359
someone,4.588137884312404
martial,4.588137884312404
mas,4.588137884312404
nang,4.588137884312404
really,4.588137884312404
bobo,4.588137884312404
matter,4.588137884312404
hahahaha,4.588137884312404
good,4.588137884312404
nalang,4.588137884312404
aquino,4.588137884312404
ata,4.588137884312404
inc,4.588137884312404
one,4.588137884312404
become,4.588137884312404
election,4.588137884312404
presidente,4.588137884312404
dyan,4.588137884312404
pilipino,4.433987204485146
could,4.433987204485146
eh,4.433987204485146
please,4.433987204485146
history,4.433987204485146
law,4.433987204485146
parang,4.433987204485146
vote,4.433987204485146
think,4.433987204485146
pangilinan,4.433987204485146
natalo,4.433987204485146
filipinos,4.433987204485146
puro,4.433987204485146
kakampink,4.433987204485146
dictator's,4.3004558118606235
kayo,4.3004558118606235
kasi,4.3004558118606235
mong,4.3004558118606235
news,4.3004558118606235
alam,4.3004558118606235
lol,4.3004558118606235
anak,4.3004558118606235
lutang,4.3004558118606235
yan,4.182672776204241
country,4.182672776204241
candidate,4.182672776204241
tapos,4.182672776204241
pilipinas,4.182672776204241
po,4.182672776204241
corrupt,4.182672776204241
pag,4.182672776204241
magnanakaw,4.182672776204241
supporters,4.077312260546414
kiko,4.077312260546414
debates,4.077312260546414
win,4.077312260546414
nga,4.077312260546414
daw,4.077312260546414
ayaw,4.077312260546414
rin,4.077312260546414
anong,4.077312260546414
duwag,4.077312260546414
smni,4.077312260546414
wag,3.982002080742089
sya,3.982002080742089
like,3.982002080742089
duterte,3.982002080742089
niyo,3.982002080742089
vp,3.8949907037524594
presidential,3.814947996078923
ba,3.814947996078923
nya,3.814947996078923
ferdinand,3.814947996078923
philippines,3.814947996078923
wala,3.814947996078923
bbm,3.740840023925201
nyo,3.6718471524382497
dictator,3.6718471524382497
debate,3.607308631300678
talaga,3.435458374374019
yung,3.3841650799864684
kay,3.3841650799864684
naman,3.24440313761131
di,3.1610215286722587
president,3.1218008155189776
lang,3.0476928433652555
si,2.190242611514034
